Address,City,State,Zip,CASS_Results,RecordNum,UNITID,INSTNM,Zip Code,GEO_GeoLevel,GEO_MatchStatus,GEO_Score,GEO_Latitude,GEO_Longitude,GEO_FirstLine,GEO_LastLine,CASS_Address,CASS_AddressPlusSuite,CASS_CarrierRoute,CASS_City,CASS_DeliveryPointCheckDigit,CASS_DeliveryPointCode,CASS_ErrorCode,CASS_LastLine,CASS_Plus4,CASS_State,CASS_StatusCode,CASS_ZIP,Z9_Census_BLOCK,Z9_Census_ID,Z9_Census_TRACT,Z9_County_FIPS,Z9_Latitude,Z9_Longitude,Z9_Match_Code,Z9_Record_Type,Z9_State_FIPS,GEO_City,GEO_Province,GEO_PostalCode,GEO_HouseNumber,GEO_StreetPreDir,GEO_StreetPreType,GEO_StreetName,GEO_StreetPostType,GEO_StreetPostDir,GEO_UnitDesignator,GEO_UnitNumber,GEO_StateAbbrev,GEO_CensusId,GEO_ClusterLevelID,GEO_IntersectingHouseNumber,GEO_IntersectingStreetPreDir,GEO_IntersectingStreetPreType,GEO_IntersectingStreetName,GEO_IntersectingStreetPostType,GEO_IntersectingStreetPostDir,GEO_MFPreDirChanged,GEO_MFStreetNameChanged,GEO_MFStreetPreChanged,GEO_MFStreetPostChanged,GEO_MFPostDirChanged,GEO_MFUnitDesAssumed,GEO_MFAddNumberOutOfRange,GEO_MFAddLetterMovedToUnitNum,GEO_MFEvenOddAddDiffer,GEO_MFSuppliedCity,GEO_MFSuppliedState,GEO_MFSuppliedPostCode,GEO_MFCityChanged,GEO_MFStateChanged,GEO_MFPostCodeChanged,GEO_MFUsedCityAlias,CASS_AddressRange,CASS_AddressTypeCode,CASS_AddressTypeString,CASS_CityAbbreviation,CASS_CMRA,CASS_CongressionalDistrict,CASS_CountyFIPS,CASS_CountyName,CASS_ErrorString,CASS_EWSFlag,CASS_LACS,CASS_MSA,CASS_PMSA,CASS_PostDirection,CASS_PreDirection,CASS_PrivateMailbox,CASS_PrivateMailboxName,CASS_PrivateMailboxNumber,CASS_StreetName,CASS_Suffix,CASS_Suite,CASS_SuiteName,CASS_SuiteRange,CASS_SuiteStatus,CASS_TimeZone,CASS_TimeZoneCode,CASS_Urbanization,CASS_ZIPType
4010 Gaston Avenue,Dallas,TX,75246-1537,"AE09,AS02",5001,475608,Criswell College,75246-1537,Actual,Match,100.0,32.793692,-96.778073,4010 GASTON AVE,"DALLAS, TX 75246",4010 Gaston Ave,4010 Gaston Ave,C010,Dallas,9,99," ","Dallas, TX 75246-1585",1585,TX,V,75246,,,,,,,,,,,TX,75246,4010,"","",GASTON,AVE,"","","",TX,481130022002000,481130022002000,"","","","","","",False,False,False,False,False,False,False,False,False,False,False,False,False,False,False,False,4010,H,Highrise,Dallas,N,30,48113,Dallas,No Error," "," ","","","","","","","",Gaston,Ave,"","","",M,Central Time,06,""," "
5003 North Broadway Street,Knoxville,TN,37918-2472,AS01,5002,475617,Virginia College-Knoxville,37918-2472,Actual,Match,100.0,36.02998,-83.930679,5003 N BROADWAY ST,"KNOXVILLE, TN 37918",5003 N Broadway St,5003 N Broadway St,C059,Knoxville,9,03," ","Knoxville, TN 37918-2341",2341,TN,V,37918,,,,,,,,,,,TN,37918,5003,N,"",BROADWAY,ST,"","","",TN,470930041002008,470930041002008,"","","","","","",False,False,False,False,False,False,False,False,False,False,False,False,False,False,False,False,5003,S,Street,Knoxville,N,02,47093,Knox,No Error," "," ","","","",N,"","","",Broadway,St,"","","",V,Eastern Time,05,""," "
5700 Wilshire Blvd Ste 275,Los Angeles,CA,90036-3687,"AS01,AS16",5003,475635,Academy of Couture Art,90036-3687,Street,Exact,100.0,34.062192976983,-118.352586616033,5700 WILSHIRE BLVD STE 275,"LOS ANGELES, CA 90036",5700 Wilshire Blvd,5700 Wilshire Blvd Ste 275,C056,Los Angeles,3,50," ","Los Angeles, CA 90036-3687",3687,CA,V,90036,,,,,,,,,,LOS ANGELES,CA,90036,5700,"","",WILSHIRE,BLVD,"",STE,275,CA,060372163001001,060372163001001,"","","","","","",False,False,False,False,False,False,False,False,False,False,False,False,False,False,False,False,5700,H,Highrise,Los Angeles,N,37,06037,Los Angeles,No Error," "," ","","","","","","","",Wilshire,Blvd,Ste 275,Ste,275,V,Pacific Time,08,""," "
190 Montrose West Avenue,Copley,OH,44321-2798,AS01,5004,475699,Bryant & Stratton College-Akron,44321-2798,Actual,Match,100.0,41.12821,-81.654878,190 MONTROSE WEST AVE,"COPLEY, OH 44321",190 Montrose West Ave,190 Montrose West Ave,C007,Copley,4,90," ","Copley, OH 44321-1372",1372,OH,V,44321,,,,,,,,,,,OH,44321,190,"","",MONTROSE WEST,AVE,"","","",OH,391535335012015,391535335012015,"","","","","","",False,False,False,False,False,False,False,False,False,False,False,False,False,False,False,False,190,S,Street,Copley,N,16,39153,Summit,No Error," "," ","","","","","","","",Montrose West,Ave,"","","",V,Eastern Time,05,""," "
12215 SW 112 Street,Miami,FL,33186-4830,AS01,5005,475714,American Medical Academy,33186-4830,Street,Exact,100.0,25.6619796271857,-80.3934231990722,12215 SW 112TH ST,"MIAMI, FL 33186",12215 SW 112th St,12215 SW 112th St,C005,Miami,8,15," ","Miami, FL 33186-4830",4830,FL,V,33186,,,,,,,,,,MIAMI,FL,33186,12215,SW,"",112TH,ST,"","","",FL,120860192001000,120860192001000,"","","","","","",False,False,False,False,False,False,False,False,False,False,False,False,False,False,False,False,12215,S,Street,Miami,N,26,12086,Miami-Dade,No Error," "," ","","","",SW,"","","",112th,St,"","","",V,Eastern Time,05,""," "
"5775 Peachtree Dunwoody Road, NE, Suite A100",Atlanta,GA,30342-1556,"AC04,AS01",5006,475732,Chamberlain College of Nursing-Georgia,30342-1556,Street,Exact,93.7,33.9123228558925,-84.3525288772842,5775 PEACHTREE DUNWOODY RD NE BLDG A100,"ATLANTA, GA 30342",5775 Peachtree Dunwoody Rd,5775 Peachtree Dunwoody Rd Bldg A100,C006,Atlanta,6,10," ","Atlanta, GA 30342-1505",1505,GA,V,30342,,,,,,,,,,ATLANTA,GA,30342,5775,"","",PEACHTREE DUNWOODY,RD,NE,BLDG,A100,GA,131210101151004,131210101151004,"","","","","","",False,False,False,False,True,False,False,False,False,False,False,False,False,False,False,False,5775,H,Highrise,Atlanta,N,11,13121,Fulton,No Error," "," ","","","","","","","",Peachtree Dunwoody,Rd,Bldg A100,Bldg,A100,V,Eastern Time,05,""," "
"9100 Keystone Crossing, Suite 600",Indianapolis,IN,46240-2158,AS01,5007,475741,Chamberlain College of Nursing-Indiana,46240-2158,Street,Exact,100.0,39.918835,-86.110908801529,9100 KEYSTONE XING STE 600,"INDIANAPOLIS, IN 46240",9100 Keystone Xing,9100 Keystone Xing Ste 600,C040,Indianapolis,9,50," ","Indianapolis, IN 46240-2161",2161,IN,V,46240,,,,,,,,,,INDIANAPOLIS,IN,46240,9100,"","",KEYSTONE,XING,"",STE,600,IN,180973202043001,180973202043001,"","","","","","",False,False,False,False,False,False,False,False,False,False,False,False,False,False,False,False,9100,H,Highrise,Indianapolis,N,05,18097,Marion,No Error," "," ","","","","","","","",Keystone,Xing,Ste 600,Ste,600,V,Eastern Time,05,""," "
"350 S. Mill Avenue, Suite B-104",Tempe,AZ,85281,"AE08,AS02",5008,475839,Sessions College for Professional Design,85281,Street,Exact,100.0,33.4269292927251,-111.940209199334,350 S MILL AVE STE B-104,"TEMPE, AZ 85281",350 S Mill Ave,350 S Mill Ave Ste B-104,C001,Tempe,9,99," ","Tempe, AZ 85281-2863",2863,AZ,V,85281,,,,,,,,,,TEMPE,AZ,85281,350,S,"",MILL,AVE,"",STE,B-104,AZ,040133187002014,040133187002014,"","","","","","",False,False,False,False,False,False,False,False,False,False,False,False,False,False,False,False,350,H,Highrise,Tempe,N,09,04013,Maricopa,No Error," "," ","","","",S,"","","",Mill,Ave,Ste B-104,Ste,B-104,R,Mountain Time,07,""," "
2950 East Texas Street,Bossier City,LA,71111,"AE09,AS02",5009,475866,Virginia College-Shreveport/Bossier City,71111,Actual,Match,100.0,32.525773,-93.7064148,2950 E TEXAS ST,"BOSSIER CITY, LA 71111",2950 E Texas St,2950 E Texas St,C011,Bossier City,5,99," ","Bossier City, LA 71111-3265",3265,LA,V,71111,,,,,,,,,,,LA,71111,2950,E,"",TEXAS,ST,"","","",LA,220150106022000,220150106022000,"","","","","","",False,False,False,False,False,False,False,False,False,False,False,False,False,False,False,False,2950,H,Highrise,Bossier City,N,04,22015,Bossier,No Error," "," ","","","",E,"","","",Texas,St,"","","",M,Central Time,06,""," "
9000 West Chester Street,Milwaukee,WI,53214-1373,"AE09,AS02",5010,475875,Strayer University-Wisconsin,53214-1373,Actual,Match,100.0,43.028897,-88.024528,9000 W CHESTER ST,"MILWAUKEE, WI 53214",9000 W Chester St,9000 W Chester St,C037,Milwaukee,4,99," ","Milwaukee, WI 53214-1372",1372,WI,V,53214,,,,,,,,,,,WI,53214,9000,W,"",CHESTER,ST,"","","",WI,550790128002000,550790128002000,"","","","","","",False,False,False,False,False,False,False,False,False,False,False,False,False,False,False,False,9000,H,Highrise,Milwaukee,N,04,55079,Milwaukee,No Error," "," ","","","",W,"","","",Chester,St,"","","",M,Central Time,06,""," "
9025 N. River Road,Indianapolis,IN,46240-6443,"AC12,AE09,AS02",5011,475884,Strayer University-Indiana,46240-6443,Actual,Match,100.0,39.918285,-86.096426,9025 RIVER RD,"INDIANAPOLIS, IN 46240",9025 River Rd,9025 River Rd,C035,Indianapolis,6,99," ","Indianapolis, IN 46240-2198",2198,IN,V,46240,,,,,,,,,,,IN,46240,9025,"","",RIVER,RD,"","","",IN,180973202042001,180973202042001,"","","","","","",False,False,False,False,False,False,False,False,False,False,False,False,False,False,False,False,9025,H,Highrise,Indianapolis,N,05,18097,Marion,No Error," "," ","","","","","","","",River,Rd,"","","",M,Eastern Time,05,""," "
3 Point Place,Madison,WI,53719-2848,"AE09,AS02",5012,476072,Herzing University,53719-2848,Street,Exact,100.0,43.0557828927587,-89.5152236084797,3 POINT PL,"MADISON, WI 53719",3 Point Pl,3 Point Pl,C045,Madison,5,99," ","Madison, WI 53719-2848",2848,WI,V,53719,,,,,,,,,,MADISON,WI,53719,3,"","",POINT,PL,"","","",WI,550250004051019,550250004051019,"","","","","","",False,False,False,False,False,False,False,False,False,False,False,False,False,False,False,False,3,H,Highrise,Madison,N,02,55025,Dane,No Error," "," ","","","","","","","",Point,Pl,"","","",M,Central Time,06,""," "
2800 Corporate Exchange Parkway,Columbus,OH,43231-7661,"AC11,AE09,AS02",5013,476203,Sanford-Brown College-Columbus,43231-7661,Actual,Match,100.0,40.103196,-82.942752,2800 CORPORATE EXCHANGE DR,"COLUMBUS, OH 43231",2800 Corporate Exchange Dr,2800 Corporate Exchange Dr,C060,Columbus,9,99," ","Columbus, OH 43231-7661",7661,OH,V,43231,,,,,,,,,,,OH,43231,2800,"","",CORPORATE EXCHANGE,DR,"","","",OH,390490071143009,390490071143009,"","","","","","",False,False,False,False,False,False,False,False,False,False,False,False,False,False,False,False,2800,H,Highrise,Columbus,N,03,39049,Franklin,No Error," "," ","","","","","","","",Corporate Exchange,Dr,"","","",M,Eastern Time,05,""," "
1026 Maxwell Street,Colorado Springs,CO,80906-5554,AS01,5014,476319,CollegeAmerica Denver,80906-5554,Actual,Match,100.0,38.774828,-104.780989,1026 MAXWELL ST,"COLORADO SPRINGS, CO 80906",1026 Maxwell St,1026 Maxwell St,C037,Colorado Springs,0,26," ","Colorado Springs, CO 80906-5554",5554,CO,V,80906,,,,,,,,,,,CO,80906,1026,"","",MAXWELL,ST,"","","",CO,080410045012034,080410045012034,"","","","","","",False,False,False,False,False,False,False,False,False,False,False,False,False,False,False,False,1026,S,Street,Colorado Spgs,N,05,08041,El Paso,No Error," "," ","","","","","","","",Maxwell,St,"","","",V,Mountain Time,07,""," "
"1861 Valley View Lane, Suite 100",Farmers Branch,TX,75234-8906,AS01,5015,476337,Golf Academy of America-Farmers Branch,75234-8906,Street,Exact,100.0,32.9211154102929,-96.9176858102695,1861 VALLEY VIEW LN STE 100,"FARMERS BRANCH, TX 75234",1861 Valley View Ln,1861 Valley View Ln Ste 100,C010,Farmers Branch,9,61," ","Farmers Branch, TX 75234-8906",8906,TX,V,75234,,,,,,,,,,FARMERS BRANCH,TX,75234,1861,"","",VALLEY VIEW,LN,"",STE,100,TX,481130140021052,481130140021052,"","","","","","",False,False,False,False,False,False,False,False,False,False,False,False,False,False,False,False,1861,S,Street,Farmers Brnch,N,24,48113,Dallas,No Error," "," ","","","","","","","",Valley View,Ln,Ste 100,Ste,100,V,Central Time,06,""," "
2601 South Military Trail,West Palm Beach,FL,33415-7510,"AE09,AS02",5016,476382,Dade Medical College,33415-7510,Actual,Match,100.0,26.639031,-80.114369,2601 S MILITARY TRL,"WEST PALM BEACH, FL 33415",2601 S Military Trl,2601 S Military Trl,C029,West Palm Beach,3,99," ","West Palm Beach, FL 33415-7510",7510,FL,V,33415,,,,,,,,,,,FL,33415,2601,S,"",MILITARY,TRL,"","","",FL,120990040131000,120990040131000,"","","","","","",False,False,False,False,False,False,False,False,False,False,False,False,False,False,False,False,2601,H,Highrise,West Palm Bch,N,21,12099,Palm Beach,No Error," "," ","","","",S,"","","",Military,Trl,"","","",M,Eastern Time,05,""," "
9550 Regency Square Boulevard,Jacksonville,FL,32225-8116,"AE09,AS02",5017,476391,Dade Medical College,32225-8116,Actual,Match,100.0,30.325622,-81.550065,9550 REGENCY SQUARE BLVD,"JACKSONVILLE, FL 32225",9550 Regency Square Blvd,9550 Regency Square Blvd,C049,Jacksonville,2,99," ","Jacksonville, FL 32225-8116",8116,FL,V,32225,,,,,,,,,,,FL,32225,9550,"","",REGENCY SQUARE,BLVD,"","","",FL,120310146041030,120310146041030,"","","","","","",False,False,False,False,False,False,False,False,False,False,False,False,False,False,False,False,9550,H,Highrise,Jacksonville,N,04,12031,Duval,No Error," "," ","","","","","","","",Regency Square,Blvd,"","","",M,Eastern Time,05,""," "
6823 Old Pimlico Road,Baltimore,MD,21209-1613,AS01,5018,476601,Bais HaMedrash and Mesivta of Baltimore,21209-1613,Actual,Match,100.0,39.379682,-76.674589,6823 OLD PIMLICO RD,"BALTIMORE, MD 21209",6823 Old Pimlico Rd,6823 Old Pimlico Rd,C010,Baltimore,0,23," ","Baltimore, MD 21209-1613",1613,MD,V,21209,,,,,,,,,,,MD,21209,6823,"","",OLD PIMLICO,RD,"","","",MD,240054036022004,240054036022004,"","","","","","",False,False,False,False,False,False,False,False,False,False,False,False,False,False,False,False,6823,S,Street,Baltimore,N,03,24005,Baltimore,No Error," "," ","","","","","","","",Old Pimlico,Rd,"","","",V,Eastern Time,05,""," "
1000 Orchard Terrace,Linden,NJ,07036-3905,AS01,5019,476692,Yeshiva Gedolah Zichron Leyma,07036-3905,Street,Exact,100.0,40.6366194607351,-74.2654468668139,1000 ORCHARD TER,"LINDEN, NJ 07036",1000 Orchard Ter,1000 Orchard Ter,C022,Linden,7,00," ","Linden, NJ 07036-3905",3905,NJ,V,07036,,,,,,,,,,LINDEN,NJ,07036,1000,"","",ORCHARD,TER,"","","",NJ,340390348004014,340390348004014,"","","","","","",False,False,False,False,False,False,False,False,False,False,False,False,False,False,False,False,1000,S,Street,Linden,N,10,34039,Union,No Error," "," ","","","","","","","",Orchard,Ter,"","","",V,Eastern Time,05,""," "
12 Jefferson Avenue,Spring Valley,NY,10977-1912,AS01,5020,476717,"Be'er Yaakov Talmudic Seminary",10977-1912,Street,Exact,100.0,41.1392936053999,-74.0285288654059,12 JEFFERSON AVE,"SPRING VALLEY, NY 10977",12 Jefferson Ave,12 Jefferson Ave,C026,Spring Valley,0,12," ","Spring Valley, NY 10977-1912",1912,NY,V,10977,,,,,,,,,,SPRING VALLEY,NY,10977,12,"","",JEFFERSON,AVE,"","","",NY,360870115051000,360870115051000,"","","","","","",False,False,False,False,False,False,False,False,False,False,False,False,False,False,False,False,12,S,Street,Spring Valley,N,17,36087,Rockland,No Error," "," ","","","","","","","",Jefferson,Ave,"","","",V,Eastern Time,05,""," "
215 Peachtree Street,Atlanta,GA,30303-1736,"AC12,AE09,AS02",5021,476948,SAE Institute of Technology-Atlanta,30303-1736,Actual,Match,100.0,33.759922,-84.387158,215 PEACHTREE ST NE,"ATLANTA, GA 30303",215 Peachtree St NE,215 Peachtree St NE,C027,Atlanta,9,99," ","Atlanta, GA 30303-1779",1779,GA,V,30303,,,,,,,,,,,GA,30303,215,"","",PEACHTREE,ST,NE,"","",GA,131210019002057,131210019002057,"","","","","","",False,False,False,False,False,False,False,False,False,False,False,False,False,False,False,False,215,H,Highrise,Atlanta,N,05,13121,Fulton,No Error," "," ","","",NE,"","","","",Peachtree,St,"","","",M,Eastern Time,05,""," "
8000 East Maplewood Avenue,Greenwood Village,CO,80111-0000,"AE09,AS02",5022,476975,Colorado State University-Global Campus,80111-0000,Actual,Match,100.0,39.604506,-104.896399,8000 E MAPLEWOOD AVE,"GREENWOOD VILLAGE, CO 80111",8000 E Maplewood Ave,8000 E Maplewood Ave,C036,Greenwood Village,8,99," ","Greenwood Village, CO 80111-4766",4766,CO,V,80111,,,,,,,,,,,CO,80111,8000,E,"",MAPLEWOOD,AVE,"","","",CO,080050067122012,080050067122012,"","","","","","",False,False,False,False,False,False,False,False,False,False,False,False,False,False,False,False,8000,H,Highrise,Greenwood Vlg,N,06,08005,Arapahoe,No Error," "," ","","","",E,"","","",Maplewood,Ave,"","","",M,Mountain Time,07,""," "
6465 Wayzata Blvd.,St. Louis Park,MN,55426-1723,"AE09,AS02",5023,477011,Strayer University-Minnesota,55426-1723,Street,Exact,100.0,44.9705954435447,-93.361575797644,6465 WAYZATA BLVD,"SAINT LOUIS PARK, MN 55426",6465 Wayzata Blvd,6465 Wayzata Blvd,C019,Saint Louis Park,2,99," ","Saint Louis Park, MN 55426-1728",1728,MN,V,55426,,,,,,,,,,SAINT LOUIS PARK,MN,55426,6465,"","",WAYZATA,BLVD,"","","",MN,270530221012004,270530221012004,"","","","","","",False,False,False,False,False,False,False,False,False,False,False,False,False,False,False,False,6465,H,Highrise,St Louis Park,N,05,27053,Hennepin,No Error," "," ","","","","","","","",Wayzata,Blvd,"","","",M,Central Time,06,""," "
100 S. Wacker Drive,Chicago,IL,60606-4032,"AE09,AS02",5024,477020,Strayer University-Illinois,60606-4032,Actual,Match,100.0,41.880296,-87.63747,100 S WACKER DR,"CHICAGO, IL 60606",100 S Wacker Dr,100 S Wacker Dr,C018,Chicago,4,99," ","Chicago, IL 60606-4006",4006,IL,V,60606,,,,,,,,,,,IL,60606,100,S,"",WACKER,DR,"","","",IL,170318391002003,170318391002003,"","","","","","",False,False,False,False,False,False,False,False,False,False,False,False,False,False,False,False,100,H,Highrise,Chicago,N,07,17031,Cook,No Error," ",L,"","","",S,"","","",Wacker,Dr,"","","",M,Central Time,06,""," "
8435 North Stemmons Freeway,Dallas,TX,75247-3900,"AE09,AS02",5025,477039,West Coast University-Dallas,75247-3900,Actual,Match,100.0,32.827262,-96.873992,8435 N STEMMONS FWY,"DALLAS, TX 75247",8435 N Stemmons Fwy,8435 N Stemmons Fwy,C030,Dallas,5,99," ","Dallas, TX 75247-3900",3900,TX,V,75247,,,,,,,,,,,TX,75247,8435,N,"",STEMMONS,FWY,"","","",TX,481130100002137,481130100002137,"","","","","","",False,False,False,False,False,False,False,False,False,False,False,False,False,False,False,False,8435,H,Highrise,Dallas,N,33,48113,Dallas,No Error," "," ","","","",N,"","","",Stemmons,Fwy,"","","",M,Central Time,06,""," "
720 South River Road,St. George,UT,84790-2111,"AE09,AS02",5026,477950,Stevens Henager College,84790-2111,Actual,Match,100.0,37.083267,-113.5555089,720 S RIVER RD,"SAINT GEORGE, UT 84790",720 S River Rd,720 S River Rd,C014,Saint George,7,99," ","Saint George, UT 84790-5507",5507,UT,V,84790,,,,,,,,,,,UT,84790,720,S,"",RIVER,RD,"","","",UT,490532718002000,490532718002000,"","","","","","",False,False,False,False,False,False,False,False,False,False,False,False,False,False,False,False,720,H,Highrise,Saint George,N,02,49053,Washington,No Error," "," ","","","",S,"","","",River,Rd,"","","",M,Mountain Time,07,""," "
3604 Summit Plaza Drive,Bellevue,NE,68123-1065,AS01,5027,477996,National  American University-Bellevue,68123-1065,Street,Exact,100.0,41.1411720391248,-95.9667377520267,3604 SUMMIT PLAZA DR,"BELLEVUE, NE 68123",3604 Summit Plaza Dr,3604 Summit Plaza Dr,R080,Bellevue,4,04," ","Bellevue, NE 68123-1065",1065,NE,V,68123,,,,,,,,,,BELLEVUE,NE,68123,3604,"","",SUMMIT PLAZA,DR,"","","",NE,311530102033022,311530102033022,"","","","","","",False,False,False,False,False,False,False,False,False,False,False,False,False,False,False,False,3604,S,Street,Bellevue,N,01,31153,Sarpy,No Error," "," ","","","","","","","",Summit Plaza,Dr,"","","",V,Central Time,06,""," "
501 West Traverlers Trail,Burnsville,MN,55337-2548,"AC10,AS01,AS16",5028,478005,National American University-Burnsville,55337-2548,Street,Exact,100.0,44.7729086724406,-93.2872572229092,501 W TRAVELERS TRL,"BURNSVILLE, MN 55337",501 W Travelers Trl,501 W Travelers Trl,C017,Burnsville,7,01," ","Burnsville, MN 55337-2548",2548,MN,V,55337,,,,,,,,,,BURNSVILLE,MN,55337,501,W,"",TRAVELERS,TRL,"","","",MN,270370607111007,270370607111007,"","","","","","",False,False,False,False,False,False,False,False,False,False,False,False,False,False,False,False,501,S,Street,Burnsville,N,02,27037,Dakota,No Error," "," ","","","",W,"","","",Travelers,Trl,"","","",V,Central Time,06,""," "
18600 LBJ Freeway,Mesquite,TX,75150-5628,"AC05,AS01",5029,478014,National American University-Mesquite,75150-5628,Street,Exact,100.0,32.8036876553496,-96.6259000600043,18600 LYNDON B JOHNSON FWY,"MESQUITE, TX 75150",18600 Lyndon B Johnson Fwy,18600 Lyndon B Johnson Fwy,C044,Mesquite,1,00," ","Mesquite, TX 75150-5628",5628,TX,V,75150,,,,,,,,,,MESQUITE,TX,75150,18600,"","",LYNDON B JOHNSON,FWY,"","","",TX,481130178131005,481130178131005,"","","","","","",False,False,False,False,False,False,False,False,False,False,False,False,False,False,False,False,18600,S,Street,Mesquite,N,05,48113,Dallas,No Error," "," ","","","","","","","",Lyndon B Johnson,Fwy,"","","",V,Central Time,06,""," "
105 South 7th St,Philadelphia,PA,19106-3324,"AE09,AS02",5030,479549,ITT Technical Institute-Philadelphia,19106-3324,Actual,Match,100.0,39.948982,-75.152195,105 S 7TH ST,"PHILADELPHIA, PA 19106",105 S 7th St,105 S 7th St,C047,Philadelphia,3,99," ","Philadelphia, PA 19106-3324",3324,PA,V,19106,,,,,,,,,,,PA,19106,105,S,"",7TH,ST,"","","",PA,421010010011001,421010010011001,"","","","","","",False,False,False,False,False,False,False,False,False,False,False,False,False,False,False,False,105,H,Highrise,Philadelphia,N,01,42101,Philadelphia,No Error," "," ","","","",S,"","","",7th,St,"","","",M,Eastern Time,05,""," "
9000 Lincoln Dr Ste 100,Marlton,NJ,08053-3102,"AC12,AE08,AS02",5031,479558,ITT Technical Institute-Marlton,08053-3102,Street,Exact,93.7,39.9049989878368,-74.9390767900844,9000 LINCOLN DR W STE 100,"MARLTON, NJ 08053",9000 Lincoln Dr E,9000 Lincoln Dr E Ste 100,C022,Marlton,0,99," ","Marlton, NJ 08053-3102",3102,NJ,V,08053,,,,,,,,,,MARLTON,NJ,08053,9000,"","",LINCOLN,DR,W,STE,100,NJ,340057040052001,340057040052001,"","","","","","",False,False,False,False,True,False,False,False,False,False,False,False,False,False,False,False,9000,H,Highrise,Marlton,N,03,34005,Burlington,No Error," "," ","","",E,"","","","",Lincoln,Dr,Ste 100,Ste,100,R,Eastern Time,05,""," "
W177 N9886 Rivercrest Drive,Germantown,WI,53022-6407,"AE09,AS02",5032,479567,ITT Technical Institute-Germantown,53022-6407,Actual,Match,100.0,43.1959391,-88.1287654,W177N9886 RIVERCREST DR,"GERMANTOWN, WI 53022",W177N9886 Rivercrest Dr,W177N9886 Rivercrest Dr,R007,Germantown,3,99," ","Germantown, WI 53022-6407",6407,WI,V,53022,,,,,,,,,,,WI,53022,W177N9886,"","",RIVERCREST,DR,"","","",WI,551314701003043,551314701003043,"","","","","","",False,False,False,False,False,False,False,False,False,False,False,False,False,False,False,False,W177N9886,H,Highrise,Germantown,N,05,55131,Washington,No Error," "," ","","","","","","","",Rivercrest,Dr,"","","",M,Central Time,06,""," "
3518 Plainfield Avenue NE,Grand Rapids,MI,49525-2719,AS01,5033,479576,ITT Technical Institute-Grand Rapids,49525-2719,Street,Exact,100.0,43.0277438067218,-85.6316245264856,3518 PLAINFIELD AVE NE,"GRAND RAPIDS, MI 49525",3518 Plainfield Ave NE,3518 Plainfield Ave NE,C020,Grand Rapids,7,18," ","Grand Rapids, MI 49525-2719",2719,MI,V,49525,,,,,,,,,,GRAND RAPIDS,MI,49525,3518,"","",PLAINFIELD,AVE,NE,"","",MI,260810118011002,260810118011002,"","","","","","",False,False,False,False,False,False,False,False,False,False,False,False,False,False,False,False,3518,S,Street,Grand Rapids,N,03,26081,Kent,No Error," "," ","","",NE,"","","","",Plainfield,Ave,"","","",V,Eastern Time,05,""," "
26500 Northwestern Highway,Southfield,MI,48076-3716,AE10,5034,479585,ITT Technical Institute-Southfield,48076-3716,Street,Exact,100.0,42.4836628188242,-83.2605196261063,26500 NORTHWESTERN HWY,"SOUTHFIELD, MI 48076",26500 Northwestern Hwy,26500 Northwestern Hwy,,Southfield,,,R,"Southfield, MI 48076",,MI,X,48076,,,,,,,,,,SOUTHFIELD,MI,48076,26500,"","",NORTHWESTERN,HWY,"","","",MI,261251616002039,261251616002039,"","","","","","",False,False,False,False,False,False,False,False,False,False,False,False,False,False,False,False,26500,,,,,,,,Range Error,,,,,"","","","","",Northwestern,Hwy,"","","",,,,,
1756 North Congress Avenue,West Palm Beach,FL,33409-5180,"AE09,AS02",5035,479594,ITT Technical Institute-West Palm Beach,33409-5180,Actual,Match,100.0,26.702196,-80.085986,1756 N CONGRESS AVE,"WEST PALM BEACH, FL 33409",1756 N Congress Ave,1756 N Congress Ave,C067,West Palm Beach,9,99," ","West Palm Beach, FL 33409-5180",5180,FL,V,33409,,,,,,,,,,,FL,33409,1756,N,"",CONGRESS,AVE,"","","",FL,120990029001005,120990029001005,"","","","","","",False,False,False,False,False,False,False,False,False,False,False,False,False,False,False,False,1756,H,Highrise,West Palm Bch,N,20,12099,Palm Beach,No Error," "," ","","","",N,"","","",Congress,Ave,"","","",M,Eastern Time,05,""," "
4825 Commercial Street SE,Salem,OR,97306-1905,"AC01,AE09,AS02",5036,479600,ITT Technical Institute-Salem,97306-1905,Actual,Match,100.0,44.8852831,-123.0328342,4825 COMMERCIAL ST SE,"SALEM, OR 97302",4825 Commercial St SE,4825 Commercial St SE,C028,Salem,7,25," ","Salem, OR 97302-1905",1905,OR,V,97302,,,,,,,,,,,OR,97302,4825,"","",COMMERCIAL,ST,SE,"","",OR,410470021024016,410470021024016,"","","","","","",False,False,False,False,False,False,False,False,False,False,False,False,False,False,False,False,4825,S,Street,Salem,N,05,41047,Marion,No Error," "," ","","",SE,"","","","",Commercial,St,"","","",M,Pacific Time,08,""," "
700 West Hillsboro Blvd,Deerfield Beach,FL,33441-1612,"AE09,AS02",5037,479619,ITT Technical Institute-Deerfield Beach,33441-1612,Actual,Match,100.0,26.3170671,-80.1134584,700 W HILLSBORO BLVD,"DEERFIELD BEACH, FL 33441",700 W Hillsboro Blvd,700 W Hillsboro Blvd,C030,Deerfield Beach,7,99," ","Deerfield Beach, FL 33441-1612",1612,FL,V,33441,,,,,,,,,,,FL,33441,700,W,"",HILLSBORO,BLVD,"","","",FL,120110103051000,120110103051000,"","","","","","",False,False,False,False,False,False,False,False,False,False,False,False,False,False,False,False,700,H,Highrise,Deerfield Bch,N,20,12011,Broward,No Error," ",L,"","","",W,"","","",Hillsboro,Blvd,"","","",M,Eastern Time,05,""," "
2525 N Shadeland Ave,Indianapolis,IN,46219-1794,"AE09,AS02",5038,479628,ITT Technical Institute-Indianapolis East,46219-1794,Actual,Match,100.0,39.800953,-86.0426467,2525 N SHADELAND AVE,"INDIANAPOLIS, IN 46219",2525 N Shadeland Ave,2525 N Shadeland Ave,C039,Indianapolis,7,99," ","Indianapolis, IN 46219-1787",1787,IN,V,46219,,,,,,,,,,,IN,46219,2525,N,"",SHADELAND,AVE,"","","",IN,180973603021003,180973603021003,"","","","","","",False,False,False,False,False,False,False,False,False,False,False,False,False,False,False,False,2525,H,Highrise,Indianapolis,N,07,18097,Marion,No Error," "," ","","","",N,"","","",Shadeland,Ave,"","","",M,Eastern Time,05,""," "
5901 Stewart Parkway,Douglasville,GA,30135-2371,AS01,5039,479637,ITT Technical Institute-Douglasville,30135-2371,Street,Exact,100.0,33.7189888283405,-84.7717036735131,5901 STEWART PKWY,"DOUGLASVILLE, GA 30135",5901 Stewart Pkwy,5901 Stewart Pkwy,C012,Douglasville,4,01," ","Douglasville, GA 30135-2371",2371,GA,V,30135,,,,,,,,,,DOUGLASVILLE,GA,30135,5901,"","",STEWART,PKWY,"","","",GA,130970805051010,130970805051010,"","","","","","",False,False,False,False,False,False,False,False,False,False,False,False,False,False,False,False,5901,S,Street,Douglasville,N,13,13097,Douglas,No Error," "," ","","","","","","","",Stewart,Pkwy,"","","",V,Eastern Time,05,""," "
7600 West 119th Street,Overland Park,KS,66213-1106,"AE09,AS02",5040,479646,ITT Technical Institute-Overland Park,66213-1106,Actual,Match,100.0,38.91518,-94.674124,7600 W 119TH ST,"OVERLAND PARK, KS 66213",7600 W 119th St,7600 W 119th St,R077,Overland Park,4,00," ","Overland Park, KS 66213-1106",1106,KS,V,66213,,,,,,,,,,,KS,66213,7600,W,"",119TH,ST,"","","",KS,200910531022000,200910531022000,"","","","","","",False,False,False,False,False,False,False,False,False,False,False,False,False,False,False,False,7600,S,Street,Overland Park,N,03,20091,Johnson,No Error," "," ","","","",W,"","","",119th,St,"","","",M,Central Time,06,""," "
1999 Wabash Avenue,Springfield,IL,62704-5373,"AE09,AS02",5041,479655,ITT Technical Institute-Springfield,62704-5373,Street,Exact,100.0,39.7643271311084,-89.6896191702431,1999 WABASH AVE,"SPRINGFIELD, IL 62704",1999 Wabash Ave,1999 Wabash Ave,C070,Springfield,9,99," ","Springfield, IL 62704-5351",5351,IL,V,62704,,,,,,,,,,SPRINGFIELD,IL,62704,1999,"","",WABASH,AVE,"","","",IL,171670020002040,171670020002040,"","","","","","",False,False,False,False,False,False,False,False,False,False,False,False,False,False,False,False,1999,H,Highrise,Springfield,N,18,17167,Sangamon,No Error," "," ","","","","","","","",Wabash,Ave,"","","",M,Central Time,06,""," "
7116 Office Park Drive,West Chester,OH,45069-2261,AS01,5042,479664,ITT Technical Institute-West Chester,45069-2261,Street,Exact,100.0,39.3718235977233,-84.3890412510026,7116 OFFICE PARK DR,"WEST CHESTER, OH 45069",7116 Office Park Dr,7116 Office Park Dr,R029,West Chester,8,16," ","West Chester, OH 45069-2261",2261,OH,V,45069,,,,,,,,,,WEST CHESTER,OH,45069,7116,"","",OFFICE PARK,DR,"","","",OH,390170111203026,390170111203026,"","","","","","",False,False,False,False,False,False,False,False,False,False,False,False,False,False,False,False,7116,S,Street,West Chester,N,08,39017,Butler,No Error," "," ","","","","","","","",Office Park,Dr,"","","",V,Eastern Time,05,""," "
4201 South Shary Road,Mission,TX,78572-1578,"AE09,AS02",5043,479770,University of Phoenix-McAllen Campus,78572-1578,Street,Exact,93.3,26.2528925444592,-98.2788708242104,4201 N SHARY RD,"MISSION, TX 78573",4201 S Shary Rd,4201 S Shary Rd,R090,Mission,2,99," ","Mission, TX 78572-1578",1578,TX,V,78572,,,,,,,,,,MISSION,TX,78573,4201,N,"",SHARY,RD,"","","",TX,482150241062001,482150241062001,"","","","","","",True,False,False,False,False,False,False,False,False,False,False,False,False,False,True,False,4201,H,Highrise,Mission,N,15,48215,Hidalgo,No Error," "," ","","","",S,"","","",Shary,Rd,"","","",M,Central Time,06,""," "
128 Outreach Building,University Park,PA,16802,"AC05,AS01,AS17",5044,479956,Pennsylvania State University-World Campus,16802,Zip9,Exact,100.0,40.80331,-77.85351,128 OUTREACH BLDG,"UNIVERSITY PARK, PA 16802",128 Outreach Bldg,128 Outreach Bldg,C004,University Park,3,28," ","University Park, PA 16802-7012",7012,PA,V,16802,4006,420270121004006,012100,027,40.80331,-77.85351,9,S,42,UNIVERSITY PARK,PA,16802,128,"","",OUTREACH,"","",BLDG,"",PA,42000,42000,"","","","","","",False,False,False,False,False,False,False,False,False,False,False,False,False,False,False,False,128,S,Street,University Pk,N,05,42027,Centre,No Error," "," ","","","","","","","",Outreach Bldg,"","","","",V,Eastern Time,05,""," "
7700 W Palmer Ln Bldg A Ste A100,Austin,TX,78729,"AE08,AS02,AS23",5045,480073,South University-Austin,78729,Actual,Match,100.0,30.457712,-97.749704,7700 W PARMER LN BLDG A,"AUSTIN, TX 78729",7700 W Parmer Ln,7700 W Parmer Ln Bldg A,C031,Austin,9,99," ","Austin, TX 78729-8101",8101,TX,V,78729,,,,,,,,,,,TX,78729,7700,W,"",PARMER,LN,"",BLDG,A,TX,484910204111000,484910204111000,"","","","","","",False,False,False,False,False,False,False,False,False,False,False,False,False,False,False,False,7700,H,Highrise,Austin,N,31,48491,Williamson,No Error," "," ","","","",W,"","","",Parmer,Ln,Bldg A,Bldg,A,R,Central Time,06,""," "
4743 Richmond Rd,Cleveland,OH,44128,"AS01,AS17",5046,480082,South University-Cleveland,44128,Street,Exact,100.0,41.4313136611624,-81.4976984175604,4743 RICHMOND RD,"CLEVELAND, OH 44128",4743 Richmond Rd,4743 Richmond Rd,C002,Cleveland,0,43," ","Cleveland, OH 44128-5919",5919,OH,V,44128,,,,,,,,,,CLEVELAND,OH,44128,4743,"","",RICHMOND,RD,"","","",OH,390351881071008,390351881071008,"","","","","","",False,False,False,False,False,False,False,False,False,False,False,False,False,False,False,False,4743,S,Street,Cleveland,N,11,39035,Cuyahoga,No Error," "," ","","","","","","","",Richmond,Rd,"","","",V,Eastern Time,05,""," "
180 Redtail,Orchard Park,NY,14127,"AC10,AC11,AS01",5047,480091,Bryant & Stratton College-Online,14127,Zip9,Exact,100.0,42.7918,-78.77835,180 RED TAIL RD,"ORCHARD PARK, NY 14127",180 Red Tail Rd,180 Red Tail Rd,R005,Orchard Park,5,80," ","Orchard Park, NY 14127-1579",1579,NY,V,14127,2005,360290137012005,013701,029,42.7918,-78.77835,9,S,36,ORCHARD PARK,NY,14127,180,"","",RED TAIL,RD,"","","",NY,36000,36000,"","","","","","",False,False,False,False,False,False,False,False,False,False,False,False,False,False,False,False,180,S,Street,Orchard Park,N,27,36029,Erie,No Error," "," ","","","","","","","",Red Tail,Rd,"","","",V,Eastern Time,05,""," "
2400 David H. McLeod Blvd,Florence,SC,29501,AS01,5048,480107,Virginia College-Florence,29501,Actual,Match,100.0,34.18711,-79.82349,2400 DAVID H MCLEOD BLVD,"FLORENCE, SC 29501",2400 David H McLeod Blvd,2400 David H McLeod Blvd,C035,Florence,8,00," ","Florence, SC 29501-4038",4038,SC,V,29501,,,,,,,,,,,SC,29501,2400,"","",DAVID H MCLEOD,BLVD,"","","",SC,450410002012127,450410002012127,"","","","","","",False,False,False,False,False,False,False,False,False,False,False,False,False,False,False,False,2400,S,Street,Florence,N,07,45041,Florence,No Error," "," ","","","","","","","",David H McLeod,Blvd,"","","",V,Eastern Time,05,""," "
One Alpha Drive,Elizabethtown,PA,17022,AS01,5049,480134,Elizabethtown College School of Continuing and Professional Studies,17022,Actual,Match,100.0,40.1495285,-76.592453,1 ALPHA DR,"ELIZABETHTOWN, PA 17022",1 Alpha Dr,1 Alpha Dr,C699,Elizabethtown,6,01," ","Elizabethtown, PA 17022-2298",2298,PA,V,17022,,,,,,,,,,,PA,17022,1,"","",ALPHA,DR,"","","",PA,420710107022003,420710107022003,"","","","","","",False,False,False,False,False,False,False,False,False,False,False,False,False,False,False,False,1,S,Street,Elizabethtown,N,16,42071,Lancaster,No Error," "," ","","","","","","","",Alpha,Dr,"","","",V,Eastern Time,05,""," "
19600 S Dixie Highway Suite B,Cutler Bay,FL,33157,AS01,5050,480143,Fortis College,33157,Actual,Match,100.0,25.5856145,-80.3637963,19600 S DIXIE HWY STE B,"CUTLER BAY, FL 33157",19600 S Dixie Hwy,19600 S Dixie Hwy Ste B,C014,Cutler Bay,5,74," ","Cutler Bay, FL 33157-7693",7693,FL,V,33157,,,,,,,,,,,FL,33157,19600,S,"",DIXIE,HWY,"",STE,B,FL,120860106065000,120860106065000,"","","","","","",False,False,False,False,False,False,False,False,False,False,False,False,False,False,False,False,19600,H,Highrise,Cutler Bay,N,27,12086,Miami-Dade,No Error," "," ","","","",S,"","","",Dixie,Hwy,Ste B,Ste,B,V,Eastern Time,05,""," "
16 W Division St,North East,PA,16428,AS01,5051,480189,Mercyhurst North East,16428,Street,Exact,100.0,42.2191379633712,-79.8342129449922,16 W DIVISION ST,"NORTH EAST, PA 16428",16 W Division St,16 W Division St,C003,North East,3,16," ","North East, PA 16428-1008",1008,PA,V,16428,,,,,,,,,,NORTH EAST,PA,16428,16,W,"",DIVISION,ST,"","","",PA,420490116001000,420490116001000,"","","","","","",False,False,False,False,False,False,False,False,False,False,False,False,False,False,False,False,16,S,Street,North East,N,05,42049,Erie,No Error," "," ","","","",W,"","","",Division,St,"","","",V,Eastern Time,05,""," "
2600 SE 98th Ave Ste 200,Portland,OR,97266,AS01,5052,480198,Warner Pacific College Adult Degree Program,97266,Actual,Match,100.0,45.503619,-122.562249,2600 SE 98TH AVE STE 200,"PORTLAND, OR 97266",2600 SE 98th Ave,2600 SE 98th Ave Ste 200,C012,Portland,4,50," ","Portland, OR 97266-1325",1325,OR,V,97266,,,,,,,,,,,OR,97266,2600,SE,"",98TH,AVE,"",STE,200,OR,410510083021009,410510083021009,"","","","","","",False,False,False,False,False,False,False,False,False,False,False,False,False,False,False,False,2600,H,Highrise,Portland,N,03,41051,Multnomah,No Error," "," ","","","",SE,"","","",98th,Ave,Ste 200,Ste,200,V,Pacific Time,08,""," "
6465 Sycamore Canyon Blvd Ste 100,Riverside,CA,92507,"AS01,AS23",5053,480204,Platt College-Riverside,92507,Actual,Match,100.0,33.9328445,-117.298293,6465 SYCAMORE CANYON BLVD STE 100,"RIVERSIDE, CA 92507",6465 Sycamore Canyon Blvd,6465 Sycamore Canyon Blvd Ste 100,C067,Riverside,6,65," ","Riverside, CA 92507-0730",0730,CA,V,92507,,,,,,,,,,,CA,92507,6465,"","",SYCAMORE CANYON,BLVD,"",STE,100,CA,060650509001019,060650509001019,"","","","","","",False,False,False,False,False,False,False,False,False,False,False,False,False,False,False,False,6465,S,Street,Riverside,N,41,06065,Riverside,No Error," "," ","","","","","","","",Sycamore Canyon,Blvd,Ste 100,Ste,100,R,Pacific Time,08,""," "
516 Drayton St,Savannah,GA,31401,AS01,5054,480301,Savannah Law School,31401,Actual,Match,100.0,32.069168,-81.093907,516 DRAYTON ST,"SAVANNAH, GA 31401",516 Drayton St,516 Drayton St,C014,Savannah,7,16," ","Savannah, GA 31401-5651",5651,GA,V,31401,,,,,,,,,,,GA,31401,516,"","",DRAYTON,ST,"","","",GA,130510015001003,130510015001003,"","","","","","",False,False,False,False,False,False,False,False,False,False,False,False,False,False,False,False,516,S,Street,Savannah,N,01,13051,Chatham,No Error," "," ","","","","","","","",Drayton,St,"","","",V,Eastern Time,05,""," "
4736 Dressler Rd NW,Canton,OH,44718,AS01,5055,480480,National College-Canton,44718,Actual,Match,100.0,40.849865,-81.434116,4736 DRESSLER RD NW,"CANTON, OH 44718",4736 Dressler Rd NW,4736 Dressler Rd NW,C041,Canton,0,36," ","Canton, OH 44718-2555",2555,OH,V,44718,,,,,,,,,,,OH,44718,4736,"","",DRESSLER,RD,NW,"","",OH,391517113222009,391517113222009,"","","","","","",False,False,False,False,False,False,False,False,False,False,False,False,False,False,False,False,4736,S,Street,Canton,N,16,39151,Stark,No Error," "," ","","",NW,"","","","",Dressler,Rd,"","","",V,Eastern Time,05,""," "
4300 Wilson Blvd Ste 140,Arlington,VA,22203,AS01,5056,480505,Court Reporting Institute of Arlington,22203,Street,Exact,100.0,38.8799128674084,-77.11259,4300 WILSON BLVD STE 140,"ARLINGTON, VA 22203",4300 Wilson Blvd,4300 Wilson Blvd Ste 140,C017,Arlington,6,40," ","Arlington, VA 22203-4179",4179,VA,V,22203,,,,,,,,,,ARLINGTON,VA,22203,4300,"","",WILSON,BLVD,"",STE,140,VA,510131014031003,510131014031003,"","","","","","",False,False,False,False,False,False,False,False,False,False,False,False,False,False,False,False,4300,H,Highrise,Arlington,N,08,51013,Arlington,No Error," "," ","","","","","","","",Wilson,Blvd,Ste 140,Ste,140,V,Eastern Time,05,""," "
110 Commerce Lane,Fairview Heights,IL,62208,AS01,5057,480514,Vatterott College-Fairview Heights,62208,Actual,Match,100.0,38.597762,-89.98989,110 COMMERCE LN,"FAIRVIEW HEIGHTS, IL 62208",110 Commerce Ln,110 Commerce Ln,C060,Fairview Heights,8,10," ","Fairview Heights, IL 62208-2029",2029,IL,V,62208,,,,,,,,,,,IL,62208,110,"","",COMMERCE,LN,"","","",IL,171635034021038,171635034021038,"","","","","","",False,False,False,False,False,False,False,False,False,False,False,False,False,False,False,False,110,S,Street,Fairview Hts,N,12,17163,Saint Clair,No Error," "," ","","","","","","","",Commerce,Ln,"","","",V,Central Time,06,""," "
150 West University Blvd,Melbourne,FL,32901,"AE09,AS02",5058,480569,Florida Institute of Technology-Florida Tech Online,32901,Street,Exact,100.0,28.0640371325916,-80.624915,150 W UNIVERSITY BLVD,"MELBOURNE, FL 32901",150 W University Blvd,150 W University Blvd,C040,Melbourne,2,99," ","Melbourne, FL 32901-6982",6982,FL,V,32901,,,,,,,,,,MELBOURNE,FL,32901,150,W,"",UNIVERSITY,BLVD,"","","",FL,120090649012023,120090649012023,"","","","","","",False,False,False,False,False,False,False,False,False,False,False,False,False,False,False,False,150,H,Highrise,Melbourne,N,08,12009,Brevard,No Error," "," ","","","",W,"","","",University,Blvd,"","","",M,Eastern Time,05,""," "
